first_name,last_name,year_birth,month_birth,day_birth,email
John,Smith,1982,1,22,john.smith@gmail.com
Bob,Dylan,1955,3,23,bob.dylan@gmail.com
Jane,Doe,1995,9,13,jane.doe@gmail.com
Mary,Jones,1977,7,4,mary.jones@gmail.com
Joe,Jones,2003,4,3,joe.jones@gmail.com
Brett,Gardner,1982,8,2,brett.gardner@gmail.com